{
  "model": {
    "type": "minecraft:select",
    "property": "minecraft:custom_model_data",
    "cases": [
      {
        "when": "clover",
        "model": {
          "type": "minecraft:model",
          "model": "resource_shark:item/clover"
        }
      },
      {
        "when": "tire",
        "model": {
          "type": "minecraft:model",
          "model": "resource_shark:item/tire"
        }
      }
    ],
    "fallback": {
      "type": "minecraft:model",
      "model": "minecraft:item/paper"
    }
  }
}