{
	"format_version": "1.21.6",
	"credit": "Made with Blockbench",
	"texture_size": [64, 64],
	"textures": {
		"0": "resource_shark:item/tire",
		"particle": "resource_shark:item/tire"
	},
	"elements": [
		{
			"from": [0, 0, 0],
			"to": [4, 3, 12],
			"rotation": {"angle": 0, "axis": "y", "origin": [0, 0, 16]},
			"faces": {
				"north": {"uv": [3, 6.5, 4, 7.25], "texture": "#0"},
				"east": {"uv": [0, 6.5, 3, 7.25], "texture": "#0"},
				"south": {"uv": [7, 6.5, 8, 7.25], "texture": "#0"},
				"west": {"uv": [4, 6.5, 7, 7.25], "texture": "#0"},
				"up": {"uv": [4, 6.5, 3, 3.5], "texture": "#0"},
				"down": {"uv": [5, 3.5, 4, 6.5], "texture": "#0"}
			}
		},
		{
			"from": [0, 0, 12],
			"to": [12, 3, 16],
			"rotation": {"angle": 0, "axis": "y", "origin": [0, 0, 12]},
			"faces": {
				"north": {"uv": [1, 8, 4, 8.75], "texture": "#0"},
				"east": {"uv": [0, 8, 1, 8.75], "texture": "#0"},
				"south": {"uv": [5, 8, 8, 8.75], "texture": "#0"},
				"west": {"uv": [4, 8, 5, 8.75], "texture": "#0"},
				"up": {"uv": [4, 8, 1, 7], "texture": "#0"},
				"down": {"uv": [7, 7, 4, 8], "texture": "#0"}
			}
		},
		{
			"from": [4, 0, 0],
			"to": [16, 3, 4],
			"rotation": {"angle": 0, "axis": "y", "origin": [0, 0, -1]},
			"faces": {
				"north": {"uv": [9, 1, 12, 1.75], "texture": "#0"},
				"east": {"uv": [8, 1, 9, 1.75], "texture": "#0"},
				"south": {"uv": [13, 1, 16, 1.75], "texture": "#0"},
				"west": {"uv": [12, 1, 13, 1.75], "texture": "#0"},
				"up": {"uv": [12, 1, 9, 0], "texture": "#0"},
				"down": {"uv": [15, 0, 12, 1], "texture": "#0"}
			}
		},
		{
			"from": [12, 0, 4],
			"to": [16, 3, 16],
			"rotation": {"angle": 0, "axis": "y", "origin": [14, 0, 0]},
			"faces": {
				"north": {"uv": [3, 3, 4, 3.75], "texture": "#0"},
				"east": {"uv": [0, 3, 3, 3.75], "texture": "#0"},
				"south": {"uv": [7, 3, 8, 3.75], "texture": "#0"},
				"west": {"uv": [4, 3, 7, 3.75], "texture": "#0"},
				"up": {"uv": [4, 3, 3, 0], "texture": "#0"},
				"down": {"uv": [5, 0, 4, 3], "texture": "#0"}
			}
		}
	],
	"display": {
		"fixed": {
			"rotation": [90, 0, 0],
			"translation": [0, 0, 9.75],
			"scale": [1.74, 1.74, 1.74]
		}
	}
}